{   
    "soma": {
        "Ra": 358.5177,
        "cm": 4.25,
        "gpas": 0.0000295,
        "epas": -66.4669,
        "gbshl1": 0.004727,
        "gbshk1": 0.151643,
        "gbkvs1": 0.000015627,
        "gbegl2": 0.000192,
        "gbegl36": 0.0,
        "gbkqt3": 0.00023498,
        "gbegl19": 0.005270,
        "gbunc2": 0.00028143,
        "gbcca1": 0.0,
        "gbslo1_egl19": 0.0,
        "gbslo1_unc2": 0.0,
        "gbslo2_egl19": 0.0,
        "gbslo2_unc2": 0.0,
        "gbkcnl": 0.0,
        "gbnca": 0.0,
        "gbirk": 0.0013214
    },
    "neurite": {
        "Ra": 358.5177,
        "cm": 4.25,
        "gpas": 0.0000295,
        "epas": -66.4669
    }
}
